"index",	"x_prescribed",	"y_prescribed",	"x_match",	"y_match",	"u",	"v"
1,	+4.026403966738107e-05,	+3.178264606810089e-03,	+1.248713183582998e-03,	+3.179346544617311e-03,	0.999608830362465,	0.500000000000094
2,	+9.999999960041972e-13,	+4.100362644046247e-03,	+1.250794649062113e-03,	+3.999591750724940e-03,	0.997753312718733,	0.500000000000000
3,	+1.935403402849071e-04,	+5.039726421611882e-03,	+1.319141802903158e-03,	+4.864305217862846e-03,	0.995855836263777,	0.499999999999577
4,	+6.312900581883600e-04,	+5.935101088370037e-03,	+1.450913593873726e-03,	+5.749524248459397e-03,	0.993971233216838,	0.500000000000197
5,	+1.165788443071522e-03,	+6.824007473773985e-03,	+1.658248581266130e-03,	+6.708824981546837e-03,	0.991993078399908,	0.500000000000000
6,	+1.721901802052235e-03,	+7.745573064435967e-03,	+1.927445703535519e-03,	+7.679351398173960e-03,	0.990054701394891,	0.499999999993074
7,	+2.300346179218650e-03,	+8.700365792422388e-03,	+2.266099171150517e-03,	+8.701885901055787e-03,	0.988074628982204,	0.500000000000011
8,	+2.901569607886381e-03,	+9.689066501157730e-03,	+2.671486427879402e-03,	+9.766301107810156e-03,	0.986077256593629,	0.500000000000037
9,	+3.525974275336605e-03,	+1.071233349186009e-02,	+3.139549365664070e-03,	+1.086549151867499e-02,	0.984078657962587,	0.499999999999620
10,	+4.173909187226189e-03,	+1.177079999776126e-02,	+3.665844628211792e-03,	+1.199482315042770e-02,	0.982088650337283,	0.499999999999612
11,	+4.845662396584360e-03,	+1.286507165827588e-02,	+4.246065469278347e-03,	+1.315152865230647e-02,	0.980112666136961,	0.499999999999915
12,	+5.541452830007793e-03,	+1.399572399689039e-02,	+4.876298502999471e-03,	+1.433420774330344e-02,	0.978153176380231,	0.500000000000095
13,	+6.261421754631133e-03,	+1.516329990264811e-02,	+5.553097729544086e-03,	+1.554240031518915e-02,	0.976210785406398,	0.500000000000514
14,	+7.005623941373100e-03,	+1.636830711038624e-02,	+6.273474136419680e-03,	+1.677627764232255e-02,	0.974284974890163,	0.499999999999428
15,	+7.774018597340510e-03,	+1.761121568013261e-02,	+7.034845481818063e-03,	+1.803642383536503e-02,	0.972374597123892,	0.500000000223272
16,	+8.566461362463935e-03,	+1.889245456434655e-02,	+7.834962324085789e-03,	+1.932366881817145e-02,	0.970478216103666,	0.499999999999522
17,	+9.381541824260136e-03,	+2.021026712960076e-02,	+8.670529790806132e-03,	+2.063693598223345e-02,	0.968597214043351,	0.500000000000300
18,	+1.021033901848190e-02,	+2.155022677894443e-02,	+9.530404183217316e-03,	+2.196303467026194e-02,	0.966749463600620,	0.499999999999778
19,	+1.106447795391931e-02,	+2.293104250734156e-02,	+1.042478498772511e-02,	+2.332158078862599e-02,	0.964906788624761,	0.500000000000192
20,	+1.194456299348942e-02,	+2.435359040512893e-02,	+1.135291621728908e-02,	+2.471450127706178e-02,	0.963067134284891,	0.500000000000226
21,	+1.285120387934862e-02,	+2.581873796579470e-02,	+1.231414212622901e-02,	+2.614376091693009e-02,	0.961228614372560,	0.499999999999962
22,	+1.378501533746352e-02,	+2.732734155570430e-02,	+1.330786916543035e-02,	+2.761134878016587e-02,	0.959389515420232,	0.499999999999696
23,	+1.474661668646160e-02,	+2.888024374845734e-02,	+1.433353105225724e-02,	+2.911926455077292e-02,	0.957548298939810,	0.499999999999837
24,	+1.573663143366189e-02,	+3.047827049612523e-02,	+1.539055812720019e-02,	+3.066950626738257e-02,	0.955703600302981,	0.500000000000275
25,	+1.675568685863843e-02,	+3.212222813570006e-02,	+1.647836893137753e-02,	+3.226408575747547e-02,	0.953854195225403,	0.500000000000200
26,	+1.780441358449207e-02,	+3.381290022994399e-02,	+1.759638813691792e-02,	+3.390538316191433e-02,	0.952001242325503,	0.500000000000033
27,	+1.888344513676449e-02,	+3.555104424277724e-02,	+1.874336405686569e-02,	+3.559482754254815e-02,	0.950143052486459,	0.499999999999951
28,	+1.999341748964151e-02,	+3.733738805042532e-02,	+1.991871191524540e-02,	+3.733450779595089e-02,	0.948277161873624,	0.499999999999953
29,	+2.113496859210126e-02,	+3.917262628007781e-02,	+2.112160772060234e-02,	+3.912633246070314e-02,	0.946402924866700,	0.499999999999962
30,	+2.230873791589904e-02,	+4.105741654892096e-02,	+2.235113072546397e-02,	+4.097216246759595e-02,	0.944519829321742,	0.500000000000032
31,	+2.351215655337693e-02,	+4.298723248585955e-02,	+2.360336149045436e-02,	+4.286835352654735e-02,	0.942632562438808,	0.499999999999930
32,	+2.472081222744915e-02,	+4.492259272581611e-02,	+2.485278074555721e-02,	+4.477596893536529e-02,	0.940778718508472,	0.499999999999910
33,	+2.593322998338166e-02,	+4.686102512395517e-02,	+2.609849965058327e-02,	+4.669193130698739e-02,	0.938958335962231,	0.500000000000000
34,	+2.715666857056926e-02,	+4.881414355681986e-02,	+2.734860789707809e-02,	+4.862713779016024e-02,	0.937158663379695,	0.499999999999924
35,	+2.839864924973349e-02,	+5.079391793318076e-02,	+2.861124304698852e-02,	+5.059301655861537e-02,	0.935367674078961,	0.499999999999954
36,	+2.966714689473673e-02,	+5.281297178659621e-02,	+2.989483827904837e-02,	+5.260181680655071e-02,	0.933573699918443,	0.500000000053250
37,	+3.097080261142781e-02,	+5.488491598974690e-02,	+3.120832969600545e-02,	+5.466685284062718e-02,	0.931765153482834,	0.500000000000434
38,	+3.231917279542229e-02,	+5.702473651153810e-02,	+3.256105663395421e-02,	+5.680259205563666e-02,	0.929931885944065,	0.500000000000036
39,	+3.372303061844571e-02,	+5.924926087935686e-02,	+3.396459528446215e-02,	+5.902666226863269e-02,	0.928060192170057,	0.500000000000146
40,	+3.519474128478442e-02,	+6.157773602464383e-02,	+3.543121802268577e-02,	+6.135759384702597e-02,	0.926134713941730,	0.499999999999911
41,	+3.674874043577162e-02,	+6.403256231499038e-02,	+3.697531342242658e-02,	+6.381782332045549e-02,	0.924140005672810,	0.500000000000051
42,	+3.840215720310866e-02,	+6.664024690678719e-02,	+3.861387896235295e-02,	+6.643390337611438e-02,	0.922058422676939,	0.499999999999904
43,	+4.017564178485315e-02,	+6.943266778683088e-02,	+4.036739433219214e-02,	+6.923782325591674e-02,	0.919869253724979,	0.500000000000013
44,	+4.201554538022304e-02,	+7.232472249503112e-02,	+4.218302732907982e-02,	+7.214409286266102e-02,	0.917646331096177,	0.499999999999784
45,	+4.387951067951660e-02,	+7.524941271083711e-02,	+4.401957584977840e-02,	+7.508486819669202e-02,	0.915438826295591,	0.500000000000034
46,	+4.578639777013106e-02,	+7.823596794952047e-02,	+4.589627792870407e-02,	+7.808928585831608e-02,	0.913223705537538,	0.500000000000054
47,	+4.775569732767652e-02,	+8.131436732231277e-02,	+4.783284229802572e-02,	+8.118720499642385e-02,	0.910979342656100,	0.499999999999960
48,	+4.980938145482395e-02,	+8.451818923857184e-02,	+4.985138011191326e-02,	+8.441212707777343e-02,	0.908682826729814,	0.500000000013439
49,	+5.197296571396427e-02,	+8.788618773143664e-02,	+5.197751330419896e-02,	+8.780281259368511e-02,	0.906308885306391,	0.500000000007470
50,	+5.427690582184906e-02,	+9.146434634909220e-02,	+5.424170890032916e-02,	+9.140522548207203e-02,	0.903828670331594,	0.500000000001553
51,	+5.675850148045125e-02,	+9.530865716175177e-02,	+5.668241394037591e-02,	+9.527480273362385e-02,	0.901216393374934,	0.500000000000148
52,	+5.946452849731840e-02,	+9.948903640107469e-02,	+5.934587987035050e-02,	+9.948170861895347e-02,	0.898424364785058,	0.500000000000006
53,	+6.245508848965109e-02,	+1.040949483629931e-01,	+6.229346790290033e-02,	+1.041150179335315e-01,	0.895405241149976,	0.499999999997102
54,	+6.580943644402082e-02,	+1.092437169056331e-01,	+6.560598166504500e-02,	+1.092905639299614e-01,	0.892098331993000,	0.499999999999980
55,	+6.963493865099575e-02,	+1.150933185823831e-01,	+6.939441529079746e-02,	+1.151648808450536e-01,	0.888422391826835,	0.500000000000344
56,	+7.394829736376750e-02,	+1.216604964453031e-01,	+7.367932093990831e-02,	+1.217517858184594e-01,	0.884387200238399,	0.500000000000121
57,	+7.829574175990336e-02,	+1.282492147039961e-01,	+7.801104414246392e-02,	+1.283522586710124e-01,	0.880428664207008,	0.499999999976810
58,	+8.260354828109197e-02,	+1.347478484638291e-01,	+8.231406004001213e-02,	+1.348556542155746e-01,	0.876604177503411,	0.500000000000172
59,	+8.684671569741330e-02,	+1.411198109630591e-01,	+8.656117032610197e-02,	+1.412266387443961e-01,	0.872924066902509,	0.500000000000000
60,	+9.100176116906229e-02,	+1.473314146507320e-01,	+9.072676875954631e-02,	+1.474328083867726e-01,	0.869396782741144,	0.500000000000791
61,	+9.504726892990616e-02,	+1.533524831667830e-01,	+9.478796384323900e-02,	+1.534442952180238e-01,	0.866031821985278,	0.500000000000162
62,	+9.896422717242358e-02,	+1.591568806387891e-01,	+9.872489220108660e-02,	+1.592367213280342e-01,	0.862834574068381,	0.499999999999935
63,	+1.027362903226511e-01,	+1.647228474686891e-01,	+1.025179911836457e-01,	+1.647893361049851e-01,	0.859805028338553,	0.499999999999784
64,	+1.063499451055321e-01,	+1.700331541353831e-01,	+1.061552706944345e-01,	+1.700848200331664e-01,	0.856951158484314,	0.499999999999571
65,	+1.097945215502361e-01,	+1.750751242901611e-01,	+1.096230364230571e-01,	+1.751117165922201e-01,	0.854267911725250,	0.500000000000137
66,	+1.131030617805120e-01,	+1.798998468504500e-01,	+1.129544849135158e-01,	+1.799214835153413e-01,	0.851723202207518,	0.499999999997117
67,	+1.162583860424710e-01,	+1.844847135314790e-01,	+1.161334008722523e-01,	+1.844909976974136e-01,	0.849328219676521,	0.499999999999678
68,	+1.192396271831740e-01,	+1.888019937460711e-01,	+1.191370801155173e-01,	+1.887933843318768e-01,	0.847089992439781,	0.500000000000141
69,	+1.220949915145361e-01,	+1.929237160481851e-01,	+1.220140754638745e-01,	+1.929006614260282e-01,	0.844967926710290,	0.499999999999988
70,	+1.248657089106081e-01,	+1.969107974095021e-01,	+1.248057882631085e-01,	+1.968736359686063e-01,	0.842928417866355,	0.500000000000015
71,	+1.275885396002151e-01,	+2.008169593346281e-01,	+1.275491264506844e-01,	+2.007659785162708e-01,	0.840942383825227,	0.499999999999630
72,	+1.302977953097181e-01,	+2.046917732385320e-01,	+1.302784932811492e-01,	+2.046271558764491e-01,	0.838983605857015,	0.500000000006504
73,	+1.330271012747341e-01,	+2.085832325272630e-01,	+1.330276408079623e-01,	+2.085051171641822e-01,	0.837027258358563,	0.500000000007616
74,	+1.358110837216541e-01,	+2.125401539085580e-01,	+1.358313010947566e-01,	+2.124486179135262e-01,	0.835048673268660,	0.499999999998603
75,	+1.386871464290381e-01,	+2.166146792475291e-01,	+1.387269645684706e-01,	+2.165097044848312e-01,	0.833022065851719,	0.499999999999996
76,	+1.386871464290381e-01,	+2.166146792475291e-01,	+1.387269645684706e-01,	+2.165097044848312e-01,	0.833022065851719,	0.499999999999996
77,	+1.416443391687581e-01,	+2.207901569488721e-01,	+1.417034878006927e-01,	+2.206719147453086e-01,	0.830956043169926,	0.499999999999844
78,	+1.448266250727781e-01,	+2.252677288682270e-01,	+1.449056032821523e-01,	+2.251358383408133e-01,	0.828752136792099,	0.499999999987124
79,	+1.482249908914671e-01,	+2.300314539525191e-01,	+1.483238985028371e-01,	+2.298858164973200e-01,	0.826419658263503,	0.499999999999953
80,	+1.518245304299741e-01,	+2.350571941241781e-01,	+1.519429872062915e-01,	+2.348980749436539e-01,	0.823971586222001,	0.500000000000242
81,	+1.556042861124031e-01,	+2.403125320639101e-01,	+1.557418008758983e-01,	+2.401399367269547e-01,	0.821425808052283,	0.500000000000132
82,	+1.595374739247331e-01,	+2.457571462936141e-01,	+1.596937229227311e-01,	+2.455715905721783e-01,	0.818802993135248,	0.499999999999852
83,	+1.635919402115511e-01,	+2.513438165740211e-01,	+1.637648262825883e-01,	+2.511468038960191e-01,	0.816124291004797,	0.500000000000000
84,	+1.677310397958181e-01,	+2.570199069424390e-01,	+1.679182367699048e-01,	+2.568126310330817e-01,	0.813415846231400,	0.500000000001274
85,	+1.719148373900741e-01,	+2.627292882614330e-01,	+1.721148862915605e-01,	+2.625132300240719e-01,	0.810704888885783,	0.500000000000064
86,	+1.761015123534211e-01,	+2.684145923153050e-01,	+1.763111285016318e-01,	+2.681921366939201e-01,	0.808015726822778,	0.499999999999331
87,	+1.802741608736801e-01,	+2.740532138458820e-01,	+1.804906519819970e-01,	+2.738258097323920e-01,	0.805359427830704,	0.499999999998924
88,	+1.845936397450211e-01,	+2.798614367735620e-01,	+1.848154789051272e-01,	+2.796307508966905e-01,	0.802633886585846,	0.500000000008225
89,	+1.890873901305721e-01,	+2.858730591558040e-01,	+1.893110852930922e-01,	+2.856417600312345e-01,	0.799821595043188,	0.499999999999550
90,	+1.937382890343371e-01,	+2.920616281780971e-01,	+1.939613876733410e-01,	+2.918310221638446e-01,	0.796937195679863,	0.500000000000141
91,	+1.985261204938841e-01,	+2.983969380690050e-01,	+1.987448863452861e-01,	+2.981704844450438e-01,	0.793992513226621,	0.500000000000692
92,	+2.034278136970761e-01,	+3.048455562551660e-01,	+2.036385165025834e-01,	+3.046255882266014e-01,	0.791003875952429,	0.500000000000149
93,	+2.084177417682421e-01,	+3.113715415477650e-01,	+2.086163997974926e-01,	+3.111617852757292e-01,	0.787986335820152,	0.500000000000000
94,	+2.134682338642181e-01,	+3.179372066427590e-01,	+2.136508703088204e-01,	+3.177402543312122e-01,	0.784957336106743,	0.500000000001015
95,	+2.185502253493981e-01,	+3.245039327188911e-01,	+2.187127658633656e-01,	+3.243235565998874e-01,	0.781932901896755,	0.500000000000056
96,	+2.236339412849221e-01,	+3.310330553466690e-01,	+2.237728399789640e-01,	+3.308717307174507e-01,	0.778930665222296,	0.500000000000058
97,	+2.286896010495101e-01,	+3.374867633573050e-01,	+2.288011216387530e-01,	+3.373479745362380e-01,	0.775966143960615,	0.500000000007690
98,	+2.336880782176141e-01,	+3.438289888429550e-01,	+2.337693790995435e-01,	+3.437147887029696e-01,	0.773055470044761,	0.500000000000015
99,	+2.386447534115201e-01,	+3.500804895773110e-01,	+2.386935971769725e-01,	+3.499931454517533e-01,	0.770187834955394,	0.499999999996571
100,	+2.436824658843651e-01,	+3.563958039668690e-01,	+2.436954554484282e-01,	+3.563381369288558e-01,	0.767291303624110,	0.500000000001893
101,	+2.488049822935291e-01,	+3.627777985193770e-01,	+2.487808070019923e-01,	+3.627513195842740e-01,	0.764364286067366,	0.500000000012793
102,	+2.539968188806951e-01,	+3.692054578932580e-01,	+2.539323004413110e-01,	+3.692131279506383e-01,	0.761414663835368,	0.500000000000420
103,	+2.592415522865841e-01,	+3.756571795211111e-01,	+2.591372217816246e-01,	+3.756988951513656e-01,	0.758452447773994,	0.499999999998260
104,	+2.645220410977210e-01,	+3.821110454986380e-01,	+2.643756617958787e-01,	+3.821893641645385e-01,	0.755485728482957,	0.500000000003437
105,	+2.698206644934081e-01,	+3.885451056003040e-01,	+2.696346618100195e-01,	+3.886581371916227e-01,	0.752524824951674,	0.500000000000000
106,	+2.751195395273641e-01,	+3.949376898169700e-01,	+2.748927804770334e-01,	+3.950866821853339e-01,	0.749578069190272,	0.499999999999973
107,	+2.804007668786060e-01,	+4.012676958523920e-01,	+2.801377498586112e-01,	+4.014503265419581e-01,	0.746654749643112,	0.499999999999692
108,	+2.856466889424081e-01,	+4.075148504527060e-01,	+2.853478462640846e-01,	+4.077302149570841e-01,	0.743763747313428,	0.499999999998885
109,	+2.908458873565021e-01,	+4.136665911320860e-01,	+2.905162280291456e-01,	+4.139122960743390e-01,	0.740909863140067,	0.500000000001181
110,	+2.961252455764851e-01,	+4.198725476939910e-01,	+2.957664645533233e-01,	+4.201462899670000e-01,	0.738023583309686,	0.500000000000668
111,	+3.016084006184800e-01,	+4.262746085649770e-01,	+3.012241082450977e-01,	+4.265755313382274e-01,	0.735036713776211,	0.500000000000269
112,	+3.072722149603020e-01,	+4.328412634029250e-01,	+3.068658968768035e-01,	+4.331651121190062e-01,	0.731963172673099,	0.500000000000000
113,	+3.130894773541131e-01,	+4.395375129539400e-01,	+3.126679099800027e-01,	+4.398809956376282e-01,	0.728816626075248,	0.499999999999620
114,	+3.190295321034821e-01,	+4.463253787591711e-01,	+3.185977679001228e-01,	+4.466823380438046e-01,	0.725614640052416,	0.500000000001150
115,	+3.250592212084871e-01,	+4.531644121268240e-01,	+3.246289974630964e-01,	+4.535271687280122e-01,	0.722373111580290,	0.500000000000000
116,	+3.311438301047571e-01,	+4.600124181445980e-01,	+3.307220456959842e-01,	+4.603749807844359e-01,	0.719111513986660,	0.499999999996454
117,	+3.372473180475271e-01,	+4.668269684161540e-01,	+3.368415385046769e-01,	+4.671799316202114e-01,	0.715848905967725,	0.500000000000613
118,	+3.433318111072181e-01,	+4.735676731516810e-01,	+3.429513563793717e-01,	+4.739046250306705e-01,	0.712602805742756,	0.500000000034106
119,	+3.493585730752380e-01,	+4.801971333708320e-01,	+3.490104661569082e-01,	+4.805110078175756e-01,	0.709392849556713,	0.499999999999815
120,	+3.552909628878891e-01,	+4.866799599284530e-01,	+3.549864410431471e-01,	+4.869576532403561e-01,	0.706235846119741,	0.499999999997892
121,	+3.611160570756350e-01,	+4.929954023000220e-01,	+3.608576083928073e-01,	+4.932356346389244e-01,	0.703140355339854,	0.499999999999787
122,	+3.669685005569900e-01,	+4.992743304987750e-01,	+3.667528930243846e-01,	+4.994778556791574e-01,	0.700037885419918,	0.499999999999576
123,	+3.728998183975011e-01,	+5.055582926568900e-01,	+3.727167963383563e-01,	+5.057355594811819e-01,	0.696903514952241,	0.499999999999678
124,	+3.788923894582891e-01,	+5.118397870420880e-01,	+3.787372653301848e-01,	+5.119936289113092e-01,	0.693742690559456,	0.500000000006236
125,	+3.849217770702881e-01,	+5.181175662523241e-01,	+3.848040962129269e-01,	+5.182392160976717e-01,	0.690559615295392,	0.500000000000008
126,	+3.909678852925560e-01,	+5.243861748844570e-01,	+3.909014764474761e-01,	+5.244611229995534e-01,	0.687361342259491,	0.499999999998215
127,	+3.970267473989610e-01,	+5.306245721768811e-01,	+3.970212510851642e-01,	+5.306418350035785e-01,	0.684150876801261,	0.500000000000039
128,	+4.030981781526091e-01,	+5.368079830281660e-01,	+4.031467400978206e-01,	+5.367735466445130e-01,	0.680935780590863,	0.500000000087679
129,	+4.091753324311461e-01,	+5.429182306522170e-01,	+4.092672717998161e-01,	+5.428420809744841e-01,	0.677720339109346,	0.500000000013736
130,	+4.152405313711851e-01,	+5.489483693821681e-01,	+4.153702044912719e-01,	+5.488350655386498e-01,	0.674509790711718,	0.499999999771767
131,	+4.212755714141451e-01,	+5.548928975816660e-01,	+4.214407399816318e-01,	+5.547437993299181e-01,	0.671311205317420,	0.499999999999238
132,	+4.272663635785011e-01,	+5.607431930750600e-01,	+4.274714163115043e-01,	+5.605538809305435e-01,	0.668126350295043,	0.499999999997635
133,	+4.332025147499911e-01,	+5.664879734424980e-01,	+4.334452695769864e-01,	+5.662588686327974e-01,	0.664964085624236,	0.499999999994910
134,	+4.390739339157381e-01,	+5.721168574393760e-01,	+4.393541192719321e-01,	+5.718488717596144e-01,	0.661826808593184,	0.499999999807546
135,	+4.448826853595690e-01,	+5.776337178006350e-01,	+4.451970853576283e-01,	+5.773281171516387e-01,	0.658713754843464,	0.500000000000053
136,	+4.506527291874960e-01,	+5.830640903038560e-01,	+4.509994153129225e-01,	+5.827240279614232e-01,	0.655610340869097,	0.499999999754030
137,	+4.563451274666031e-01,	+5.883740411110220e-01,	+4.567214439376321e-01,	+5.880000350322571e-01,	0.652535488635219,	0.500000000172461
138,	+4.619603846546581e-01,	+5.935663136129200e-01,	+4.623631396722289e-01,	+5.931633866254085e-01,	0.649489509498446,	0.499999999092393
139,	+4.674991993893161e-01,	+5.986434021171660e-01,	+4.679249977845475e-01,	+5.982128261159402e-01,	0.646468983499221,	0.499999999994977
140,	+4.729622424611101e-01,	+6.036077888876701e-01,	+4.734068076509751e-01,	+6.031561381958539e-01,	0.643475345594101,	0.500000000000282
141,	+4.783500063277131e-01,	+6.084621127065840e-01,	+4.788090924523239e-01,	+6.079917161200854e-01,	0.640504648306382,	0.499999999999613
142,	+4.836629204967861e-01,	+6.132090465587140e-01,	+4.841322205366635e-01,	+6.127267965667701e-01,	0.637558327386050,	0.500000000001117
143,	+4.889014498531571e-01,	+6.178511895683730e-01,	+4.893760772307000e-01,	+6.173603640698402e-01,	0.634633124053929,	0.500000001891100
144,	+4.940661401125581e-01,	+6.223910142405761e-01,	+4.945420939970970e-01,	+6.218983438387284e-01,	0.631729131175045,	0.499999999880023
145,	+4.991575959600971e-01,	+6.268308890115620e-01,	+4.996291286862182e-01,	+6.263409629603458e-01,	0.628845203173391,	0.500000000114029
146,	+5.041764376065291e-01,	+6.311731265748630e-01,	+5.046398741452863e-01,	+6.306923183704445e-01,	0.625978553523693,	0.499999999997246
147,	+5.091233181807081e-01,	+6.354199633462411e-01,	+5.095720419299009e-01,	+6.349542962959609e-01,	0.623131765251359,	0.500000000000178
148,	+5.139989346651160e-01,	+6.395735458656631e-01,	+5.144295982695472e-01,	+6.391289266346587e-01,	0.620297403779806,	0.500000004060946
149,	+5.188039932458660e-01,	+6.436359705265771e-01,	+5.192104003594509e-01,	+6.432198278859258e-01,	0.617480935737052,	0.499999998623529
150,	+5.235391938418240e-01,	+6.476093007829060e-01,	+5.239157632111437e-01,	+6.472271483964560e-01,	0.614676380558260,	0.500000000022718
151,	+5.282051646687350e-01,	+6.514956503979650e-01,	+5.285469494186589e-01,	+6.511550210787955e-01,	0.611884486229753,	0.499999983114521
152,	+5.328230646649040e-01,	+6.553140643862950e-01,	+5.331236213823844e-01,	+6.550218815804433e-01,	0.609093551380773,	0.499999986246861
153,	+5.373137344437880e-01,	+6.590009706768251e-01,	+5.375700595536330e-01,	+6.587620684043625e-01,	0.606346410526683,	0.500000000003557
154,	+5.416769109891081e-01,	+6.625585985523770e-01,	+5.418853629191930e-01,	+6.623775993274791e-01,	0.603651886365111,	0.500000000000770
155,	+5.459277933760011e-01,	+6.660014169253961e-01,	+5.460856819379847e-01,	+6.658812473836090e-01,	0.601000634725462,	0.499999987906212
156,	+5.500803102149890e-01,	+6.693424484398700e-01,	+5.501867945211443e-01,	+6.692852102516796e-01,	0.598383327911960,	0.499999997151421
157,	+5.541472985240571e-01,	+6.725935078236001e-01,	+5.542007472987776e-01,	+6.726015510694807e-01,	0.595797743617170,	0.500000000000635
158,	+5.581406676915250e-01,	+6.757653933815990e-01,	+5.581399414283688e-01,	+6.758405296458952e-01,	0.593237581350068,	0.500000000018663
159,	+5.620715200853611e-01,	+6.788680796408171e-01,	+5.620174120836325e-01,	+6.790102051026373e-01,	0.590692604749629,	0.500000000014304
160,	+5.659503134299211e-01,	+6.819108139613250e-01,	+5.658426591312034e-01,	+6.821204971568052e-01,	0.588161250989486,	0.499999994893300
161,	+5.697869918135950e-01,	+6.849022166985450e-01,	+5.696259330453549e-01,	+6.851798186027368e-01,	0.585638340311980,	0.499999999999468
162,	+5.735910914573361e-01,	+6.878503848075640e-01,	+5.733779566415312e-01,	+6.881962885594074e-01,	0.583117579983232,	0.499999999999048
163,	+5.773718478678781e-01,	+6.907629709854670e-01,	+5.771082362534867e-01,	+6.911746343579355e-01,	0.580591343087252,	0.499999999969308
164,	+5.811382868637430e-01,	+6.936472659310661e-01,	+5.808253029499705e-01,	+6.941239235911340e-01,	0.578057626637030,	0.499999999999754
165,	+5.848992999512380e-01,	+6.965102879741880e-01,	+5.845382763200853e-01,	+6.970508626862735e-01,	0.575511117120507,	0.499999999991106
166,	+5.886637276893520e-01,	+6.993588534428811e-01,	+5.882583979481230e-01,	+6.999623637603197e-01,	0.572944064588033,	0.499999993983353
167,	+5.924404450093421e-01,	+7.021996390149290e-01,	+5.919925051595644e-01,	+7.028617559422075e-01,	0.570351978567478,	0.499999999990107
168,	+5.962349984672181e-01,	+7.050366505513981e-01,	+5.957465981098856e-01,	+7.057551801065745e-01,	0.567733206222908,	0.500000000000000
169,	+6.000788196807341e-01,	+7.078929571385640e-01,	+5.995545196953684e-01,	+7.086671711613239e-01,	0.565064663912773,	0.500000000307462
170,	+6.039696189203361e-01,	+7.107662227422470e-01,	+6.034120066509967e-01,	+7.115890372941261e-01,	0.562348392163391,	0.500000000280649
171,	+6.078702613789171e-01,	+7.136286591693660e-01,	+6.072825712599812e-01,	+7.144962831554564e-01,	0.559613190460923,	0.499999999737628
172,	+6.117431721876121e-01,	+7.164529758728311e-01,	+6.111329437700668e-01,	+7.173617586192721e-01,	0.556883319636076,	0.499999999892973
173,	+6.155517347618431e-01,	+7.192134628772761e-01,	+6.149224933110932e-01,	+7.201534367252127e-01,	0.554188029650255,	0.500000000118273
174,	+6.192617489430821e-01,	+7.218867604673890e-01,	+6.186189514852248e-01,	+7.228511722976403e-01,	0.551547106523691,	0.500000000003637
175,	+6.228426134432931e-01,	+7.244525656794800e-01,	+6.221973534107160e-01,	+7.254353974600892e-01,	0.548968910838492,	0.500000004198302
176,	+6.262682400409760e-01,	+7.268941156715920e-01,	+6.256259942910103e-01,	+7.278808171616526e-01,	0.546464805204275,	0.499999999226993
177,	+6.295178608025130e-01,	+7.291981397282410e-01,	+6.288863711824590e-01,	+7.301786484224906e-01,	0.544045908676278,	0.499999996374749
178,	+6.325761280806711e-01,	+7.313551169654060e-01,	+6.319631660654526e-01,	+7.323191565773300e-01,	0.541719449855939,	0.499999999862740
179,	+6.354328348800911e-01,	+7.333594491427970e-01,	+6.348460631934030e-01,	+7.342966606951220e-01,	0.539490719726079,	0.499999999336628
180,	+6.380826241602841e-01,	+7.352091343481301e-01,	+6.375294299427072e-01,	+7.361092408201537e-01,	0.537363286386055,	0.500000000003207
181,	+6.405245196547220e-01,	+7.369053086535480e-01,	+6.400118380420103e-01,	+7.377583380478165e-01,	0.535339295516458,	0.499999999577861
182,	+6.427613279552491e-01,	+7.384517272582510e-01,	+6.422953979794668e-01,	+7.392482416546731e-01,	0.533419911240480,	0.500000000005877
183,	+6.447988071529450e-01,	+7.398544719363620e-01,	+6.443851103072015e-01,	+7.405856133892214e-01,	0.531605772791039,	0.500000019645321
184,	+6.466450749998091e-01,	+7.411213130716940e-01,	+6.462881370335664e-01,	+7.417789978934353e-01,	0.529897587888347,	0.500000000000638
185,	+6.483102266178761e-01,	+7.422608488125100e-01,	+6.480131364322123e-01,	+7.428384321656578e-01,	0.528296800512105,	0.500000000370588
186,	+6.498057072370731e-01,	+7.432821426418831e-01,	+6.495696208113763e-01,	+7.437751525584450e-01,	0.526806441868016,	0.499999999993612
187,	+6.511437519876950e-01,	+7.441944425648510e-01,	+6.509642488622667e-01,	+7.445913540031038e-01,	0.525414749473840,	0.500000000003534
188,	+6.523369222332681e-01,	+7.450069505003470e-01,	+6.522213264585774e-01,	+7.453066755550712e-01,	0.524109573792294,	0.499999999169223
189,	+6.533977367320151e-01,	+7.457286403108840e-01,	+6.533411075131076e-01,	+7.459334382527577e-01,	0.522920832475162,	0.499999999659120
190,	+6.543383903981571e-01,	+7.463681206535120e-01,	+6.543385532858779e-01,	+7.464676342563084e-01,	0.521800850485776,	0.499999999999889
191,	+6.551705502087330e-01,	+7.469335375205340e-01,	+6.552232927294762e-01,	+7.469347908375890e-01,	0.520790215541966,	0.500000001490440
192,	+6.559052164255761e-01,	+7.474325106908830e-01,	+6.560100728398686e-01,	+7.473310213663739e-01,	0.519842006946572,	0.499999999911281
193,	+6.565526372302750e-01,	+7.478720981936400e-01,	+6.566970502932589e-01,	+7.476762191294259e-01,	0.519012064902222,	0.500000001920970
194,	+6.571222656536670e-01,	+7.482587831609651e-01,	+6.573135097175038e-01,	+7.479628015736468e-01,	0.518206796286635,	0.499999998485319
195,	+6.576227488742080e-01,	+7.485984779305030e-01,	+6.578551176371568e-01,	+7.482145867120013e-01,	0.517499304694331,	0.499999994949687
196,	+6.580619414761940e-01,	+7.488965409581710e-01,	+6.583125945002178e-01,	+7.484224041428963e-01,	0.516888890761846,	0.499999996232746
197,	+6.584469356429371e-01,	+7.491578027470680e-01,	+6.587335164815612e-01,	+7.485979091914682e-01,	0.516285786851404,	0.499999997239733
198,	+6.587841026760440e-01,	+7.493865977133590e-01,	+6.591021406170889e-01,	+7.487516084508987e-01,	0.515757616151194,	0.500000020730901
199,	+6.590791414357141e-01,	+7.495867995310880e-01,	+6.594247057795826e-01,	+7.488861032433312e-01,	0.515295439502089,	0.499999997436691
200,	+6.593371303427000e-01,	+7.497618580572960e-01,	+6.596659428766329e-01,	+7.489832768215530e-01,	0.514940701702718,	0.499999999979294
201,	+6.593371303427000e-01,	+7.497618580572960e-01,	+6.596659428766329e-01,	+7.489832768215530e-01,	0.514940701702718,	0.499999999979294
202,	+6.595852200489101e-01,	+7.499294241663130e-01,	+6.599391044791350e-01,	+7.490805398484754e-01,	0.514504991871849,	0.500000000000000
203,	+6.598333205787541e-01,	+7.500817683770470e-01,	+6.602074987576622e-01,	+7.491761054027082e-01,	0.514076886220719,	0.499999999976803
204,	+6.600857858691711e-01,	+7.502107984587241e-01,	+6.604724467495210e-01,	+7.492704438581468e-01,	0.513654277612245,	0.499999998428305
205,	+6.603403779262040e-01,	+7.503184115631051e-01,	+6.607325578476222e-01,	+7.493630600695973e-01,	0.513239384151662,	0.500000000941239
206,	+6.605957270090651e-01,	+7.504053661810630e-01,	+6.609157607181688e-01,	+7.494243372520386e-01,	0.512936545506906,	0.499999999239275
207,	+6.608505085238101e-01,	+7.504726954070960e-01,	+6.611699609171957e-01,	+7.494945222206596e-01,	0.512476503181912,	0.500000001355915
208,	+6.611035798921101e-01,	+7.505213816643710e-01,	+6.614178407605362e-01,	+7.495629621317739e-01,	0.512027899208013,	0.499999999026760
209,	+6.613539414119280e-01,	+7.505523927230631e-01,	+6.616587191538584e-01,	+7.496294689344496e-01,	0.511591966205092,	0.499999999267085
210,	+6.616007209641340e-01,	+7.505666712777010e-01,	+6.618920226783519e-01,	+7.496938843070907e-01,	0.511169741925772,	0.499999997412896
211,	+6.618431589125531e-01,	+7.505651295701881e-01,	+6.620291239909981e-01,	+7.497256503950626e-01,	0.510905173819542,	0.500000000025741
212,	+6.620805942314530e-01,	+7.505486466511750e-01,	+6.622578556510352e-01,	+7.497637094294586e-01,	0.510423427561132,	0.500000000112431
213,	+6.623124523680821e-01,	+7.505180663986890e-01,	+6.624789357976613e-01,	+7.498004953160444e-01,	0.509957796640477,	0.499999999936857
214,	+6.625382342839311e-01,	+7.504741961197761e-01,	+6.626920086623531e-01,	+7.498359488579147e-01,	0.509509030364232,	0.499999999819930
215,	+6.627575067644190e-01,	+7.504178065954741e-01,	+6.628967762106845e-01,	+7.498700204646342e-01,	0.509077756441608,	0.500000000180891
216,	+6.629698937776740e-01,	+7.503496323235840e-01,	+6.630152038428707e-01,	+7.498753219094593e-01,	0.508789222605407,	0.499999999740440
217,	+6.631750687285211e-01,	+7.502703721007931e-01,	+6.632202893980673e-01,	+7.498766502523371e-01,	0.508268239019457,	0.500000000184904
218,	+6.633727477300191e-01,	+7.501806904401690e-01,	+6.634178908100188e-01,	+7.498779301202828e-01,	0.507766267575937,	0.500000000376554
219,	+6.635626836219730e-01,	+7.500812190058280e-01,	+6.636077560347020e-01,	+7.498791598808023e-01,	0.507283948548115,	0.500000001117232
220,	+6.637446603810221e-01,	+7.499725577504690e-01,	+6.637533056428199e-01,	+7.498700858374511e-01,	0.506886908236523,	0.500000000014925
221,	+6.639184885493541e-01,	+7.498552769754341e-01,	+6.639444597621159e-01,	+7.498225967174258e-01,	0.506268525661875,	0.499999999850887
222,	+6.640840009931530e-01,	+7.497299191219841e-01,	+6.641297818878700e-01,	+7.497765564609788e-01,	0.505669009555787,	0.499999999857451
223,	+6.642410490762390e-01,	+7.495970004786290e-01,	+6.643090093611614e-01,	+7.497320303214308e-01,	0.505089209618491,	0.499999998136621
224,	+6.643894995025080e-01,	+7.494570133330201e-01,	+6.645055232105636e-01,	+7.496022646970983e-01,	0.504232297739799,	0.500000000015065
225,	+6.645292312960430e-01,	+7.493104277625811e-01,	+6.646659640406477e-01,	+7.494869159655563e-01,	0.503506988631668,	0.499999999913271
226,	+6.646601810414861e-01,	+7.491576349879010e-01,	+6.648422124199602e-01,	+7.492842599887964e-01,	0.502502320827221,	0.499999999980858
227,	+6.647885582618671e-01,	+7.489903577607830e-01,	+6.649384797697598e-01,	+7.491033155074950e-01,	0.501761245950537,	0.500000000139564
228,	+6.649224733509641e-01,	+7.487927875778800e-01,	+6.650434848256469e-01,	+7.488624850358659e-01,	0.500822992633912,	0.500000000019892
229,	+6.650585958601891e-01,	+7.485599661796740e-01,	+6.650713138747403e-01,	+7.486205306975997e-01,	0.500041885354147,	0.500000001193104
230,	+6.651919484799431e-01,	+7.482866151895941e-01,	+6.651036460151394e-01,	+7.483394250942883e-01,	0.499134385060073,	0.500000000017982
231,	+6.653154424303991e-01,	+7.479674371029110e-01,	+6.650789941255596e-01,	+7.480741477008597e-01,	0.498356921596946,	0.500000000026876
232,	+6.654193772527111e-01,	+7.475976248416131e-01,	+6.650331023237966e-01,	+7.477273211848853e-01,	0.497360007151159,	0.499999999939566
233,	+6.654909672837561e-01,	+7.471736559722800e-01,	+6.649621129422784e-01,	+7.474223035812196e-01,	0.496547092735813,	0.499999999984993
234,	+6.655140016404221e-01,	+7.466944447181970e-01,	+6.648312246358108e-01,	+7.469927482500431e-01,	0.495466685655506,	0.499999997460709
235,	+6.654688172880731e-01,	+7.461629038782840e-01,	+6.646855794551657e-01,	+7.466008718653803e-01,	0.494536057605544,	0.500000000986352
236,	+6.653328347438791e-01,	+7.455879037316760e-01,	+6.644548645131716e-01,	+7.460697306103716e-01,	0.493344541356103,	0.499999999018055
237,	+6.650819727768771e-01,	+7.449864960713790e-01,	+6.642009194019897e-01,	+7.455650388627715e-01,	0.492285689698815,	0.499999999988617
238,	+6.646925502485230e-01,	+7.443867628618340e-01,	+6.638659482544105e-01,	+7.449389880493500e-01,	0.491014386134572,	0.499999997371209
239,	+6.641716353224880e-01,	+7.438031327898650e-01,	+6.634955597211036e-01,	+7.443347866947965e-01,	0.489887822871696,	0.499999999796886
240,	+6.635957522133751e-01,	+7.431782723137340e-01,	+6.630673917343243e-01,	+7.436584824327165e-01,	0.488656020323756,	0.500000000046685
241,	+6.629716741432461e-01,	+7.425059975933940e-01,	+6.625583175190548e-01,	+7.429098989100267e-01,	0.487368231309949,	0.499999999830728
242,	+6.622997850913681e-01,	+7.417875470311690e-01,	+6.620009711987810e-01,	+7.421333139576590e-01,	0.486095960479677,	0.500000000636800
243,	+6.615815639705110e-01,	+7.410251775268061e-01,	+6.613881474888637e-01,	+7.413054035285290e-01,	0.484780395340270,	0.500000000010752
244,	+6.608196727103901e-01,	+7.402222411444910e-01,	+6.607122401072837e-01,	+7.404365037365371e-01,	0.483472054818859,	0.500000000001408
245,	+6.600180191384600e-01,	+7.393831908052970e-01,	+6.599918140256511e-01,	+7.395373849071952e-01,	0.482165413584068,	0.499999999927846
246,	+6.591817558227870e-01,	+7.385135299052741e-01,	+6.592304976959554e-01,	+7.386067562844649e-01,	0.480848236664548,	0.500000000568709
247,	+6.583172040604540e-01,	+7.376197027697751e-01,	+6.584287116170902e-01,	+7.376598790392588e-01,	0.479570292443019,	0.499999999915903
248,	+6.574316985492671e-01,	+7.367089277631720e-01,	+6.576000489942713e-01,	+7.366973740993812e-01,	0.478303200779161,	0.499999999451853
249,	+6.565333572709431e-01,	+7.357889809124271e-01,	+6.567552976970821e-01,	+7.357303806141215e-01,	0.477058821610772,	0.499999999308566
250,	+6.556307899732201e-01,	+7.348679427256161e-01,	+6.558940581754845e-01,	+7.347675714709549e-01,	0.475868233012671,	0.499999999400026
251,	+6.547327667758781e-01,	+7.339539248198170e-01,	+6.550345267974813e-01,	+7.338132909119829e-01,	0.474702721394439,	0.499999999010412
252,	+6.538453582981041e-01,	+7.330522404599921e-01,	+6.541802153674956e-01,	+7.328805850224462e-01,	0.473598770426102,	0.499999999868426
253,	+6.529565782921251e-01,	+7.321498950434200e-01,	+6.533187439298817e-01,	+7.319470003552976e-01,	0.472510099112181,	0.499999999901290
254,	+6.520620941581950e-01,	+7.312417031474260e-01,	+6.524492368032810e-01,	+7.310146396611746e-01,	0.471446390976718,	0.499999999182135
255,	+6.511624561899820e-01,	+7.303274136005731e-01,	+6.515678775772981e-01,	+7.300770862514111e-01,	0.470395542320317,	0.499999999096278
256,	+6.502582343174421e-01,	+7.294067654238260e-01,	+6.506803375840932e-01,	+7.291396139723456e-01,	0.469361552042309,	0.499999998699145
257,	+6.493500150439101e-01,	+7.284794922915341e-01,	+6.497816701493345e-01,	+7.281974454035131e-01,	0.468341223875857,	0.500000000216063
258,	+6.484381916435551e-01,	+7.275455279682470e-01,	+6.488778338101765e-01,	+7.272546824663975e-01,	0.467333230080208,	0.500000000990007
259,	+6.475228611714211e-01,	+7.266051043459231e-01,	+6.479640202677927e-01,	+7.263075232354238e-01,	0.466337823873465,	0.500000000869930
260,	+6.466040939095931e-01,	+7.256584869231061e-01,	+6.470455227125704e-01,	+7.253594020615801e-01,	0.465352675035114,	0.500000000501702
261,	+6.456819593523870e-01,	+7.247059487989160e-01,	+6.461184054946627e-01,	+7.244070688402255e-01,	0.464377846707812,	0.500000000451066
262,	+6.447565258911361e-01,	+7.237477708046300e-01,	+6.451868014178622e-01,	+7.234536096039892e-01,	0.463412844022361,	0.500000000403807
263,	+6.438278608770971e-01,	+7.227842412612020e-01,	+6.442479815693771e-01,	+7.224960649541170e-01,	0.462455196041288,	0.499999999998617
264,	+6.428960306961331e-01,	+7.218156557217901e-01,	+6.433047359861190e-01,	+7.215373317850138e-01,	0.461507978903343,	0.499999999773462
265,	+6.419611008549481e-01,	+7.208423166995760e-01,	+6.423556243383620e-01,	+7.205746455381793e-01,	0.460564833304039,	0.500000001849812
266,	+6.410231360786350e-01,	+7.198645333812370e-01,	+6.414021654697808e-01,	+7.196107738905277e-01,	0.459633352656047,	0.499999999722962
267,	+6.400822004191991e-01,	+7.188826213264180e-01,	+6.404440555630884e-01,	+7.186431304447878e-01,	0.458702617945718,	0.499999998471851
268,	+6.391383573746821e-01,	+7.178969021535850e-01,	+6.394817606831218e-01,	+7.176742914009788e-01,	0.457785057379884,	0.499999996860174
269,	+6.381916700184571e-01,	+7.169077032126521e-01,	+6.385158409454909e-01,	+7.167019527022092e-01,	0.456865087504987,	0.499999999723237
270,	+6.372422011381711e-01,	+7.159153572448160e-01,	+6.375460750790376e-01,	+7.157283750604224e-01,	0.455959849642268,	0.499999999998698
271,	+6.362900133838121e-01,	+7.149202020300330e-01,	+6.365735388543639e-01,	+7.147520161712062e-01,	0.455052025760344,	0.499999999829269
272,	+6.353351694204471e-01,	+7.139225800262420e-01,	+6.355975642574081e-01,	+7.137736201126968e-01,	0.454155013605767,	0.499999999488923
273,	+6.343777350723701e-01,	+7.129228351396730e-01,	+6.346193016586140e-01,	+7.127931926623472e-01,	0.453258498094173,	0.499999999999031
274,	+6.334182195513660e-01,	+7.119216081291591e-01,	+6.336390219107999e-01,	+7.118111244601677e-01,	0.452368636284365,	0.500000000000114
275,	+6.324459623084581e-01,	+7.109077226171310e-01,	+6.326459873653565e-01,	+7.108165275539653e-01,	0.451472762905059,	0.499999999999430
276,	+6.314522103466270e-01,	+7.098720030892670e-01,	+6.316313904907046e-01,	+7.098001877541645e-01,	0.450561926421733,	0.499999999352319
277,	+6.304350689182870e-01,	+7.088124277113550e-01,	+6.305932774589056e-01,	+7.087600426360380e-01,	0.449637594845800,	0.500000000401740
278,	+6.293925002693621e-01,	+7.077268185741500e-01,	+6.295296731520693e-01,	+7.076940372571014e-01,	0.448692759009223,	0.499999999703910
279,	+6.283223062685671e-01,	+7.066128216152830e-01,	+6.284385912353387e-01,	+7.065993236846981e-01,	0.447731545272598,	0.499999997498615
280,	+6.272221087634581e-01,	+7.054678837384730e-01,	+6.273173387607200e-01,	+7.054739412562184e-01,	0.446744982192097,	0.500000000359415
281,	+6.260893272902821e-01,	+7.042892266301420e-01,	+6.261640488239667e-01,	+7.043141182512140e-01,	0.445737294942114,	0.499999998053105
282,	+6.249211536960660e-01,	+7.030738166703761e-01,	+6.249751415514457e-01,	+7.031177730678180e-01,	0.444699647118010,	0.500000002254537
283,	+6.237145231482870e-01,	+7.018183302083580e-01,	+6.237486502143679e-01,	+7.018803952444826e-01,	0.443634499051283,	0.499999997513262
284,	+6.224660809066551e-01,	+7.005191133142961e-01,	+6.224802034340707e-01,	+7.005992946686490e-01,	0.442534865053762,	0.500000000112775
285,	+6.211721441086011e-01,	+6.991721349217400e-01,	+6.211669113692403e-01,	+6.992698369385867e-01,	0.441400638782743,	0.500000000000529
286,	+6.198286579215780e-01,	+6.977729317828071e-01,	+6.198041846257821e-01,	+6.978877893409678e-01,	0.440227494659618,	0.499999998417939
287,	+6.184311118434120e-01,	+6.963165753767120e-01,	+6.183873534578708e-01,	+6.964487824090124e-01,	0.439010869131651,	0.499999999553014
288,	+6.169744024572911e-01,	+6.947976704678780e-01,	+6.169121160891204e-01,	+6.949461659522812e-01,	0.437750837227078,	0.500000000002483
289,	+6.154528145530350e-01,	+6.932102162374610e-01,	+6.153717658949660e-01,	+6.933750846850890e-01,	0.436438714437921,	0.500000000002081
290,	+6.138599442686411e-01,	+6.915474942308950e-01,	+6.137607030133716e-01,	+6.917284897489516e-01,	0.435072006670159,	0.499999999998863
291,	+6.121885875898241e-01,	+6.898019542066041e-01,	+6.120718366413954e-01,	+6.899979374916337e-01,	0.433647126378793,	0.500000002486172
292,	+6.104731569389070e-01,	+6.880095471873890e-01,	+6.103395789005015e-01,	+6.882197874764016e-01,	0.432191412805405,	0.499999999336499
293,	+6.086693572512131e-01,	+6.861240178607211e-01,	+6.085194816961875e-01,	+6.863479173672383e-01,	0.430668586218786,	0.500000000000552
294,	+6.067672061153661e-01,	+6.841349528382550e-01,	+6.066024767758785e-01,	+6.843715850416290e-01,	0.429074146295686,	0.499999999995439
295,	+6.047576045491750e-01,	+6.820328891537980e-01,	+6.045790609672183e-01,	+6.822806589863670e-01,	0.427401394670341,	0.499999987862705
296,	+6.026303302022060e-01,	+6.798071552933810e-01,	+6.024392700018483e-01,	+6.800647580149759e-01,	0.425642733503912,	0.500000000000223
297,	+6.003739326362181e-01,	+6.774456006594840e-01,	+6.001718963466607e-01,	+6.777114976841656e-01,	0.423791163606256,	0.500000000000226
298,	+5.979754586665531e-01,	+6.749344128478810e-01,	+5.977642191236505e-01,	+6.752068687445388e-01,	0.421838793305304,	0.500000000686337
299,	+5.954201779547521e-01,	+6.722578420118720e-01,	+5.952017133687977e-01,	+6.725349254846247e-01,	0.419776655792394,	0.499999998944996
300,	+5.926912682734341e-01,	+6.693978467994480e-01,	+5.924677581352881e-01,	+6.696774706996570e-01,	0.417594537218794,	0.499999995556817
301,	+5.926912682734341e-01,	+6.693978467994500e-01,	+5.924677581341999e-01,	+6.696774706985186e-01,	0.417594537217929,	0.499999995649303
302,	+5.898627553679261e-01,	+6.664315639798201e-01,	+5.896365932599685e-01,	+6.667114972040872e-01,	0.415354398375075,	0.500000000045712
303,	+5.868033462073291e-01,	+6.632207810513701e-01,	+5.865768892052514e-01,	+6.634987693500209e-01,	0.412955450390034,	0.500000000000043
304,	+5.835018028992480e-01,	+6.597531897864700e-01,	+5.832779918305719e-01,	+6.600259851580634e-01,	0.410397623236559,	0.499999998573113
305,	+5.799477638984800e-01,	+6.560174146412699e-01,	+5.797300653007379e-01,	+6.562822421774971e-01,	0.407677233973622,	0.499999999884867
306,	+5.761320792365141e-01,	+6.520033345444801e-01,	+5.759235963246262e-01,	+6.522569234965765e-01,	0.404791276069908,	0.499999997439188
307,	+5.720471636711880e-01,	+6.477024438534801e-01,	+5.718525915442969e-01,	+6.479407893425815e-01,	0.401749720445788,	0.499999999999437
308,	+5.676874976730431e-01,	+6.431081150038301e-01,	+5.675104022476408e-01,	+6.433276498139502e-01,	0.398547917002875,	0.500000000005731
309,	+5.630500058536131e-01,	+6.382160001162901e-01,	+5.628946697637541e-01,	+6.384129846499504e-01,	0.395197895751358,	0.499999999987790
310,	+5.581343718814351e-01,	+6.330244895273401e-01,	+5.580043475112629e-01,	+6.331954373371160e-01,	0.391706362469426,	0.499999997122875
311,	+5.529433126514061e-01,	+6.275351739919600e-01,	+5.528416809901352e-01,	+6.276772544021850e-01,	0.388082534465427,	0.499999999999559
312,	+5.474828102869160e-01,	+6.217532773439601e-01,	+5.474122784329615e-01,	+6.218639557019323e-01,	0.384338715623441,	0.499999999618811
313,	+5.417685111369621e-01,	+6.156942770312900e-01,	+5.417314746979089e-01,	+6.157712983257462e-01,	0.380490400641097,	0.499999999999886
314,	+5.359196457981691e-01,	+6.094835602488101e-01,	+5.359174415722870e-01,	+6.095257473149622e-01,	0.376618843035180,	0.499999995095778
315,	+5.298075015456810e-01,	+6.029830856195101e-01,	+5.298417035955061e-01,	+6.029889539919659e-01,	0.372640034618730,	0.499999999954638
316,	+5.234341802872071e-01,	+5.961932910790601e-01,	+5.235057261155347e-01,	+5.961619315197620e-01,	0.368557875068052,	0.500000003542636
317,	+5.168035785022641e-01,	+5.891165720176200e-01,	+5.169127671467063e-01,	+5.890476992799608e-01,	0.364376809760015,	0.499999994674920
318,	+5.099215443865240e-01,	+5.817573827160801e-01,	+5.100679516637925e-01,	+5.816513671872396e-01,	0.360101858841984,	0.499999996218730
319,	+5.027959432034961e-01,	+5.741223820989599e-01,	+5.029783997464733e-01,	+5.739802782614853e-01,	0.355738681255568,	0.499999999999685
320,	+4.954367210643281e-01,	+5.662205291810199e-01,	+4.956532972862896e-01,	+5.660440892924625e-01,	0.351293603827466,	0.500000000007560
321,	+4.878560635172051e-01,	+5.580630298461601e-01,	+4.881039526480889e-01,	+5.578548361372779e-01,	0.346773644890225,	0.499999999704299
322,	+4.800769372098961e-01,	+5.496725000556001e-01,	+4.803525216779684e-01,	+5.494359575600191e-01,	0.342194304429732,	0.499999991554048
323,	+4.721912926858811e-01,	+5.411461164818400e-01,	+4.724893155000309e-01,	+5.408859863416920e-01,	0.337604919354634,	0.500000000023525
324,	+4.641046881427361e-01,	+5.323793489991201e-01,	+4.644188995795355e-01,	+5.321012855512488e-01,	0.332947622642569,	0.499999995479069
325,	+4.558290294322361e-01,	+5.233828631382901e-01,	+4.561524413777165e-01,	+5.230934304965047e-01,	0.328229574202157,	0.499999999999855
326,	+4.473772630505891e-01,	+5.141693726953199e-01,	+4.477023112245330e-01,	+5.138753487615557e-01,	0.323455470507178,	0.499999999999569
327,	+4.387642956887031e-01,	+5.047527203721099e-01,	+4.390825660598739e-01,	+5.044619080664501e-01,	0.318629959907415,	0.500000000001174
328,	+4.300069143536071e-01,	+4.951478380469300e-01,	+4.303089275307999e-01,	+4.948687592696482e-01,	0.313762325871592,	0.499999999998482
329,	+4.211224613147221e-01,	+4.853717952422599e-01,	+4.213978181066099e-01,	+4.851139184494118e-01,	0.308855957728606,	0.500000001317948
330,	+4.121291201527381e-01,	+4.754433266919901e-01,	+4.123675818818371e-01,	+4.752160781671915e-01,	0.303919933663058,	0.500000001282600
331,	+4.030523506597131e-01,	+4.653875238996800e-01,	+4.032422579937935e-01,	+4.652013458104641e-01,	0.298962803187520,	0.499999989143222
332,	+3.942132480545951e-01,	+4.555636893315301e-01,	+3.943466943810663e-01,	+4.554259131672865e-01,	0.294156874132335,	0.500000000000875
333,	+3.859099575362621e-01,	+4.463211118904201e-01,	+3.859890939457066e-01,	+4.462298352184249e-01,	0.289661736100810,	0.499999999999921
334,	+3.779454416082161e-01,	+4.374515158176101e-01,	+3.779758077495258e-01,	+4.374017575968158e-01,	0.285366959657843,	0.500000000038459
335,	+3.701562586728301e-01,	+4.287722872963601e-01,	+3.701417547409338e-01,	+4.287605352039464e-01,	0.281180184246365,	0.500000000000006
336,	+3.623930003263031e-01,	+4.201155329132501e-01,	+3.623358880866391e-01,	+4.201396985852036e-01,	0.277017850598493,	0.499999988923153
337,	+3.545078111176631e-01,	+4.113154709988901e-01,	+3.544094315342838e-01,	+4.113742329089333e-01,	0.272798342887810,	0.499999999836809
338,	+3.463432711435901e-01,	+4.021951833203500e-01,	+3.462045629245077e-01,	+4.022874836638665e-01,	0.268435463695500,	0.500000000004944
339,	+3.377193203716871e-01,	+3.925517647454001e-01,	+3.375413911699794e-01,	+3.926764469216620e-01,	0.263831039963180,	0.499999999984872
340,	+3.284874114657771e-01,	+3.822162842438001e-01,	+3.282713057049838e-01,	+3.823720986134942e-01,	0.258902699143318,	0.500000000000000
341,	+3.194180249256851e-01,	+3.720483826262090e-01,	+3.191684505732493e-01,	+3.722308919548195e-01,	0.254057930816370,	0.499999988957383
342,	+3.109455940328471e-01,	+3.625349846279110e-01,	+3.106684635297374e-01,	+3.627391287299105e-01,	0.249525683397115,	0.499999999999439
343,	+3.028921908505731e-01,	+3.534779905841861e-01,	+3.025923431864465e-01,	+3.536994741777025e-01,	0.245209040332756,	0.500000000000000
344,	+2.951096308671181e-01,	+3.447119081774840e-01,	+2.947915707917067e-01,	+3.449467052168464e-01,	0.241027125814378,	0.499999999984899
345,	+2.874678164071371e-01,	+3.360907547613941e-01,	+2.871359518358049e-01,	+3.363349057425312e-01,	0.236908486141678,	0.500000000015708
346,	+2.798457263412121e-01,	+3.274778684401201e-01,	+2.795045852734532e-01,	+3.277272938454096e-01,	0.232785944428794,	0.500000000000529
347,	+2.721238965030341e-01,	+3.187368343083090e-01,	+2.717781109657983e-01,	+3.189873560184429e-01,	0.228592081859520,	0.500000000000713
348,	+2.641767008472370e-01,	+3.097228100474271e-01,	+2.638312271608833e-01,	+3.099695069701385e-01,	0.224254186529256,	0.500000000079482
349,	+2.558634083835420e-01,	+3.002729984141500e-01,	+2.555248104036571e-01,	+3.005104571997033e-01,	0.219689844128732,	0.499999999624998
350,	+2.473242936900761e-01,	+2.905441830684981e-01,	+2.469992663234865e-01,	+2.907665886171959e-01,	0.214970233792670,	0.499999999999682
351,	+2.390495322408271e-01,	+2.810941957396891e-01,	+2.387433601063715e-01,	+2.812967696310271e-01,	0.210362612890061,	0.500000000000080
352,	+2.310309041269651e-01,	+2.719144487951480e-01,	+2.307487655526016e-01,	+2.720933326440891e-01,	0.205860556491398,	0.500000000002107
353,	+2.232130229978851e-01,	+2.629421381151110e-01,	+2.229582708096618e-01,	+2.630947042004728e-01,	0.201433447070263,	0.500000000000103
354,	+2.155455046336901e-01,	+2.541196319738031e-01,	+2.153208265139456e-01,	+2.542438245453571e-01,	0.197051387711690,	0.500000000193685
355,	+2.079814971423611e-01,	+2.453930069227890e-01,	+2.077891011945701e-01,	+2.454871787819512e-01,	0.192685695412502,	0.499999988822154
356,	+2.004762854187661e-01,	+2.367108730658121e-01,	+2.003182878675641e-01,	+2.367732820141634e-01,	0.188307754875278,	0.499999988896927
357,	+1.929864417801051e-01,	+2.280229486760931e-01,	+1.928655792280951e-01,	+2.280517417510092e-01,	0.183887729539549,	0.499999999999927
358,	+1.854691468251251e-01,	+2.192786013823211e-01,	+1.853874849710702e-01,	+2.192723059126710e-01,	0.179396933151661,	0.499999999999894
359,	+1.778811740915641e-01,	+2.104256917952661e-01,	+1.778404371691133e-01,	+2.103830897712760e-01,	0.174803495942097,	0.500000000251056
360,	+1.701971904663421e-01,	+2.014325033324410e-01,	+1.701991372045630e-01,	+2.013524523748130e-01,	0.170083270342995,	0.499999999999959
361,	+1.627100884261501e-01,	+1.926414622498570e-01,	+1.627548688426283e-01,	+1.925242055428175e-01,	0.165409952260444,	0.500000000000262
362,	+1.556214233998111e-01,	+1.842917250207310e-01,	+1.557070658663231e-01,	+1.841392847467352e-01,	0.160913789634660,	0.499999999999200
363,	+1.488896332456711e-01,	+1.763377072815301e-01,	+1.490138131028289e-01,	+1.761523682224259e-01,	0.156572981564731,	0.500000000001516
364,	+1.424783204999331e-01,	+1.687393454828611e-01,	+1.426383675465439e-01,	+1.685236434458689e-01,	0.152368261456469,	0.499999999998133
365,	+1.363554253183301e-01,	+1.614612706311961e-01,	+1.365485309696495e-01,	+1.612180466384942e-01,	0.148282426603390,	0.499999999999979
366,	+1.304925555377551e-01,	+1.544721188889681e-01,	+1.307153409618425e-01,	+1.542039475193493e-01,	0.144300152081042,	0.500000000000132
367,	+1.248644777011240e-01,	+1.477439217872990e-01,	+1.251138127497500e-01,	+1.474538420330295e-01,	0.140407341812864,	0.500000000086754
368,	+1.194486822774431e-01,	+1.412516070617001e-01,	+1.197211773391755e-01,	+1.409426043188994e-01,	0.136591203166571,	0.499999999999692
369,	+1.142250212280650e-01,	+1.349725784932901e-01,	+1.145171574549859e-01,	+1.346477381102353e-01,	0.132839855181945,	0.499999999999567
370,	+1.091753538486201e-01,	+1.288864020210241e-01,	+1.094834569842234e-01,	+1.285488477760400e-01,	0.129142116155447,	0.500000000001131
371,	+1.042832731346030e-01,	+1.229745171135570e-01,	+1.046035751581569e-01,	+1.226274640491673e-01,	0.125487379563939,	0.499999999999291
372,	+9.953391845875463e-02,	+1.172199526423961e-01,	+9.986249892756480e-02,	+1.168667162020916e-01,	0.121865383938926,	0.499999999999780
373,	+9.491375857957969e-02,	+1.116071301053851e-01,	+9.524643979084249e-02,	+1.112510252703532e-01,	0.118265636961962,	0.499999999999656
374,	+9.041038907470270e-02,	+1.061217065851411e-01,	+9.074315349584088e-02,	+1.057663204458026e-01,	0.114673759796999,	0.499999999988456
375,	+8.599892840144061e-02,	+1.007340051268830e-01,	+8.632726002924897e-02,	+1.003830986027263e-01,	0.111072576853942,	0.500000000004568
376,	+8.164734177907756e-02,	+9.540575444379909e-02,	+8.196690547845854e-02,	+9.506301198545997e-02,	0.107433521316557,	0.500000000008690
377,	+7.738983388116029e-02,	+9.017993783642711e-02,	+7.769725844952818e-02,	+8.984832291041427e-02,	0.103785124590059,	0.500000000001200
378,	+7.323817497349130e-02,	+8.507225678738808e-02,	+7.353119433575636e-02,	+8.475383377923154e-02,	0.100139865591222,	0.500000000000066
379,	+6.920283660625551e-02,	+8.009684371430406e-02,	+6.948032752452846e-02,	+7.979248861349725e-02,	0.096506266237894,	0.500000000002214
380,	+6.529337802129866e-02,	+7.526577567269901e-02,	+6.555490300633054e-02,	+7.497628952087385e-02,	0.092900082127004,	0.500000000004187
381,	+6.151837612069599e-02,	+7.058902605154707e-02,	+6.176336179599459e-02,	+7.031507924850405e-02,	0.089334294369037,	0.499999999986562
382,	+5.788481631929046e-02,	+6.607491659490908e-02,	+5.811273974976752e-02,	+6.581712381141680e-02,	0.085820919303563,	0.499999999986667
383,	+5.439807670658070e-02,	+6.173014802249701e-02,	+5.460854831897653e-02,	+6.148865073334367e-02,	0.082368828507950,	0.500000000000112
384,	+5.106194443206540e-02,	+5.755985934232501e-02,	+5.125536463770639e-02,	+5.733482692103645e-02,	0.078986788464005,	0.499999999835695
385,	+4.787770078945593e-02,	+5.356847587138005e-02,	+4.805520847335972e-02,	+5.335913910621710e-02,	0.075689303576813,	0.500000000022061
386,	+4.484454309410627e-02,	+4.975952467651503e-02,	+4.500936732164755e-02,	+4.956298953426212e-02,	0.072481643182132,	0.499999999984129
387,	+4.196090683557543e-02,	+4.613477093334708e-02,	+4.211841130647359e-02,	+4.594726701986753e-02,	0.069370528889856,	0.500000000005758
388,	+3.922459330755684e-02,	+4.269433349598108e-02,	+3.938033445363512e-02,	+4.251113506077416e-02,	0.066366287950601,	0.500000000005935
389,	+3.663283117071893e-02,	+3.943686562578910e-02,	+3.679408941422879e-02,	+3.925276895566526e-02,	0.063469060952203,	0.499999999998189
390,	+3.418232938110518e-02,	+3.635974800543609e-02,	+3.435565584402129e-02,	+3.616922146461456e-02,	0.060687091600372,	0.500000000000166
391,	+3.186999415728659e-02,	+3.345875146804502e-02,	+3.206172368902954e-02,	+3.325748083191286e-02,	0.058024138500359,	0.499999999504092
392,	+2.969395015545498e-02,	+3.072744898375603e-02,	+2.990809825990392e-02,	+3.051191852862606e-02,	0.055476144391194,	0.499999999999909
393,	+2.765157209036003e-02,	+2.815900829121300e-02,	+2.788851261672960e-02,	+2.792881633747614e-02,	0.053047312307113,	0.500000000000066
394,	+2.573920804225260e-02,	+2.574662176985500e-02,	+2.599570362606275e-02,	+2.550398344472095e-02,	0.050729887653065,	0.500000000000093
395,	+2.395241280643129e-02,	+2.348351168920706e-02,	+2.422219236325105e-02,	+2.323291297210895e-02,	0.048515249749919,	0.499999998925822
396,	+2.228614967985153e-02,	+2.136294165180210e-02,	+2.256079997317340e-02,	+2.111047723114319e-02,	0.046395570755196,	0.499999999999695
397,	+2.073496534740148e-02,	+1.937823095559501e-02,	+2.100468180585899e-02,	+1.913108821702652e-02,	0.044363811479377,	0.500000000000395
398,	+1.929313904525988e-02,	+1.752277151286310e-02,	+1.954734744592408e-02,	+1.728882908215717e-02,	0.042413708875094,	0.499999999845844
399,	+1.795480773762049e-02,	+1.579004665146302e-02,	+1.818268374605261e-02,	+1.557757003966660e-02,	0.040539787045933,	0.499999999269783
400,	+1.671406926817971e-02,	+1.417365081405011e-02,	+1.690497921205638e-02,	+1.399106543188528e-02,	0.038737393910775,	0.499999999999725
401,	+1.556504570157129e-02,	+1.266732507610904e-02,	+1.570895440398439e-02,	+1.252303506338680e-02,	0.037002776773923,	0.499999999999425
402,	+1.450077378814282e-02,	+1.126586736801407e-02,	+1.458975010372453e-02,	+1.116716663827884e-02,	0.035333134803822,	0.499999999998700
403,	+1.350945414171437e-02,	+9.959684388257029e-03,	+1.353866565960665e-02,	+9.912100403425021e-03,	0.033719985707252,	0.499999999999275
404,	+1.269220083173777e-02,	+8.885473538289080e-03,	+1.266555343302431e-02,	+8.887258658641255e-03,	0.032338066707803,	0.500000000000714
405,	+1.199487942696688e-02,	+7.972737368019090e-03,	+1.191446186666181e-02,	+8.023447548971132e-03,	0.031109202707827,	0.500000000000035
406,	+1.137568207891155e-02,	+7.166476391406018e-03,	+1.124822901926893e-02,	+7.263110710866798e-03,	0.030006046848736,	0.499999999998893
407,	+1.080623200848793e-02,	+6.429386316985109e-03,	+1.062615427435680e-02,	+6.575030180102061e-03,	0.028928805560110,	0.499999999998376
408,	+1.026547731592847e-02,	+5.734035863736020e-03,	+1.003991623894491e-02,	+5.930219574605188e-03,	0.027906049777837,	0.499999999998676
409,	+9.736167938950917e-03,	+5.058338141014107e-03,	+9.454620062215523e-03,	+5.308645977409458e-03,	0.026838632511159,	0.499999998858497
410,	+9.202491546826352e-03,	+4.382567642588065e-03,	+8.871185848860550e-03,	+4.697104891461271e-03,	0.025758292543334,	0.500000000003257
411,	+8.648114954207888e-03,	+3.687003003197042e-03,	+8.249516188172913e-03,	+4.069814170230099e-03,	0.024557868174556,	0.499999998206147
412,	+8.064682801033547e-03,	+2.962652078122097e-03,	+7.602169740698440e-03,	+3.441087517968527e-03,	0.023259487230151,	0.500000000000000
413,	+7.495604240549104e-03,	+2.264268075107068e-03,	+6.976826373218267e-03,	+2.852691014485436e-03,	0.021967868652193,	0.499999999768033
414,	+6.946006056630907e-03,	+1.597791299315054e-03,	+6.334301697283148e-03,	+2.295228709228223e-03,	0.020549571894832,	0.499999999999267
415,	+6.385462264293371e-03,	+9.799180596670397e-04,	+5.737810945610402e-03,	+1.812565546846140e-03,	0.019166570266823,	0.499999988899446
416,	+5.730591182135284e-03,	+4.996843605730382e-04,	+5.155364863648422e-03,	+1.375726210876810e-03,	0.017750935933811,	0.499999999999620
417,	+5.003101464063056e-03,	+1.733032173070414e-04,	+4.497175801444086e-03,	+9.456292708592925e-04,	0.016032077211308,	0.499999988897770
418,	+4.232337727723344e-03,	+5.901115439099682e-06,	+3.908844735459244e-03,	+6.499955045332344e-04,	0.014331209020559,	0.499999999995145
419,	+3.446368293134945e-03,	+9.999999960041972e-13,	+3.311834261567121e-03,	+4.467726053676635e-04,	0.012427905355326,	0.500000000001034
420,	+2.672880561310570e-03,	+1.559025729830576e-04,	+2.668053128061613e-03,	+3.874426269084688e-04,	0.010084747807668,	0.500000000000000
421,	+1.940047188550459e-03,	+4.716922179890614e-04,	+2.093140173494702e-03,	+6.297111699825287e-04,	0.007459596800643,	0.499999990033249
422,	+1.277374512993068e-03,	+9.427900098050389e-04,	+1.673008968346085e-03,	+1.148365246447624e-03,	0.004929024917102,	0.500000000000197
423,	+7.164770654170581e-04,	+1.561020036905081e-03,	+1.444642780014642e-03,	+1.748994078484171e-03,	0.002984739429752,	0.500000000000000
424,	+2.916805186834351e-04,	+2.313080556048086e-03,	+1.315152002852115e-03,	+2.416410111142943e-03,	0.001300363011738,	0.499999999766205
425,	+4.026403966738107e-05,	+3.178264606810055e-03,	+1.248713183580519e-03,	+3.179346544909248e-03,	0.999608830361801,	0.500000000000000
